INSERT INTO iquiz.job_position (id, title) VALUES (1003, 'Менеджер ресторана');
INSERT INTO iquiz.job_position (id, title) VALUES (1001, 'Сотрудник зала');
INSERT INTO iquiz.job_position (id, title) VALUES (1002, 'Сотрудник кухни');

INSERT INTO iquiz.employee (id, job_position_id, first_name, middle_name, last_name, email) VALUES (1001, 1003, 'Артем', 'Егорович', 'Петров', 'manager@gmail.com');
INSERT INTO iquiz.employee (id, job_position_id, first_name, middle_name, last_name, email) VALUES (1002, 1001, 'Юлия', 'Владимировна', 'Синицина', 'waiter@gmail.com');
INSERT INTO iquiz.employee (id, job_position_id, first_name, middle_name, last_name, email) VALUES (1003, 1002, 'Владислав', 'Леонидович', 'Игнатович', 'kitchen@gmail.com');

INSERT INTO iquiz.user (id, username, password, role, employee_id) VALUES (1001, 'manager@gmail.com', '{noop}SUPER_PASSWORD', 'ADMIN', 1001);
INSERT INTO iquiz.user (id, username, password, role, employee_id) VALUES (1002, 'waiter@gmail.com', '{noop}SUPER_PASSWORD', 'USER', 1002);
INSERT INTO iquiz.user (id, username, password, role, employee_id) VALUES (1003, 'kitchen@gmail.com', '{noop}SUPER_PASSWORD', 'USER', 1003);

INSERT INTO iquiz.quiz (id, title, time_limit) VALUES (1, 'Сотрудник зала тест 1', 10);
INSERT INTO iquiz.quiz (id, title, time_limit) VALUES (2, 'Сотрудник зала тест 2', 10);
INSERT INTO iquiz.quiz (id, title, time_limit) VALUES (3, 'Сотрудник зала тест 3', 20);
INSERT INTO iquiz.quiz (id, title, time_limit) VALUES (4, 'Сотрудник кухни тест 1', 10);
INSERT INTO iquiz.quiz (id, title, time_limit) VALUES (5, 'Сотрудник кухни тест 2', 20);
INSERT INTO iquiz.quiz (id, title, time_limit) VALUES (6, 'Сотрудник кухни тест 3', 20);

INSERT INTO iquiz.job_position_quiz (id, job_position_id, quiz_id) VALUES (1, 1001, 1);
INSERT INTO iquiz.job_position_quiz (id, job_position_id, quiz_id) VALUES (2, 1001, 2);
INSERT INTO iquiz.job_position_quiz (id, job_position_id, quiz_id) VALUES (3, 1001, 3);
INSERT INTO iquiz.job_position_quiz (id, job_position_id, quiz_id) VALUES (4, 1002, 4);
INSERT INTO iquiz.job_position_quiz (id, job_position_id, quiz_id) VALUES (5, 1002, 5);
INSERT INTO iquiz.job_position_quiz (id, job_position_id, quiz_id) VALUES (6, 1002, 6);

INSERT INTO iquiz.appointment (id, employee_id, quiz_id, state, deadline, start_date, end_date) VALUES (1, 1002, 1, 'CREATED', '2022-01-30', null, null);
INSERT INTO iquiz.appointment (id, employee_id, quiz_id, state, deadline, start_date, end_date) VALUES (2, 1002, 2, 'CREATED', '2022-01-30', null, null);
INSERT INTO iquiz.appointment (id, employee_id, quiz_id, state, deadline, start_date, end_date) VALUES (3, 1002, 3, 'CREATED', '2022-01-30', null, null);
INSERT INTO iquiz.appointment (id, employee_id, quiz_id, state, deadline, start_date, end_date) VALUES (4, 1003, 4, 'CREATED', '2022-01-30', null, null);
INSERT INTO iquiz.appointment (id, employee_id, quiz_id, state, deadline, start_date, end_date) VALUES (5, 1003, 5, 'CREATED', '2022-01-30', null, null);
INSERT INTO iquiz.appointment (id, employee_id, quiz_id, state, deadline, start_date, end_date) VALUES (6, 1003, 6, 'CREATED', '2022-01-30', null, null);

INSERT INTO iquiz.question (id, quiz_id, content, type) VALUES (1, 1, 'Проснувшись однажды утром после беспокойного сна, Грегор Замза обнаружил, что он у себя в постели превратился в страшное насекомое. Лежа на панцирнотвердой спине, он видел, стоило ему приподнять голову, свой коричневый, выпуклый, разделенный дугообразными чешуйками живот, на верхушке которого еле держалось готовое вот-вот окончательно сползти одеяло.', 'SINGLE');
INSERT INTO iquiz.question (id, quiz_id, content, type) VALUES (2, 1, 'Проснувшись однажды утром после беспокойного сна, Грегор Замза обнаружил, что он у себя в постели превратился в страшное насекомое. Лежа на панцирнотвердой спине, он видел, стоило ему приподнять голову, свой коричневый, выпуклый, разделенный дугообразными чешуйками живот, на верхушке которого еле держалось готовое вот-вот окончательно сползти одеяло.', 'MULTI');
INSERT INTO iquiz.question (id, quiz_id, content, type) VALUES (3, 1, 'Проснувшись однажды утром после беспокойного сна, Грегор Замза обнаружил, что он у себя в постели превратился в страшное насекомое. Лежа на панцирнотвердой спине, он видел, стоило ему приподнять голову, свой коричневый, выпуклый, разделенный дугообразными чешуйками живот, на верхушке которого еле держалось готовое вот-вот окончательно сползти одеяло.', 'SINGLE');
INSERT INTO iquiz.question (id, quiz_id, content, type) VALUES (4, 1, 'Проснувшись однажды утром после беспокойного сна, Грегор Замза обнаружил, что он у себя в постели превратился в страшное насекомое. Лежа на панцирнотвердой спине, он видел, стоило ему приподнять голову, свой коричневый, выпуклый, разделенный дугообразными чешуйками живот, на верхушке которого еле держалось готовое вот-вот окончательно сползти одеяло.', 'SINGLE');
INSERT INTO iquiz.question (id, quiz_id, content, type) VALUES (5, 1, 'Проснувшись однажды утром после беспокойного сна, Грегор Замза обнаружил, что он у себя в постели превратился в страшное насекомое. Лежа на панцирнотвердой спине, он видел, стоило ему приподнять голову, свой коричневый, выпуклый, разделенный дугообразными чешуйками живот, на верхушке которого еле держалось готовое вот-вот окончательно сползти одеяло.', 'SINGLE');
INSERT INTO iquiz.question (id, quiz_id, content, type) VALUES (6, 1, 'Проснувшись однажды утром после беспокойного сна, Грегор Замза обнаружил, что он у себя в постели превратился в страшное насекомое. Лежа на панцирнотвердой спине, он видел, стоило ему приподнять голову, свой коричневый, выпуклый, разделенный дугообразными чешуйками живот, на верхушке которого еле держалось готовое вот-вот окончательно сползти одеяло.', 'SINGLE');
INSERT INTO iquiz.question (id, quiz_id, content, type) VALUES (7, 1, 'Проснувшись однажды утром после беспокойного сна, Грегор Замза обнаружил, что он у себя в постели превратился в страшное насекомое. Лежа на панцирнотвердой спине, он видел, стоило ему приподнять голову, свой коричневый, выпуклый, разделенный дугообразными чешуйками живот, на верхушке которого еле держалось готовое вот-вот окончательно сползти одеяло.', 'MULTI');
INSERT INTO iquiz.question (id, quiz_id, content, type) VALUES (8, 1, 'Проснувшись однажды утром после беспокойного сна, Грегор Замза обнаружил, что он у себя в постели превратился в страшное насекомое. Лежа на панцирнотвердой спине, он видел, стоило ему приподнять голову, свой коричневый, выпуклый, разделенный дугообразными чешуйками живот, на верхушке которого еле держалось готовое вот-вот окончательно сползти одеяло.', 'MULTI');
INSERT INTO iquiz.question (id, quiz_id, content, type) VALUES (9, 1, 'Проснувшись однажды утром после беспокойного сна, Грегор Замза обнаружил, что он у себя в постели превратился в страшное насекомое. Лежа на панцирнотвердой спине, он видел, стоило ему приподнять голову, свой коричневый, выпуклый, разделенный дугообразными чешуйками живот, на верхушке которого еле держалось готовое вот-вот окончательно сползти одеяло.', 'MULTI');
INSERT INTO iquiz.question (id, quiz_id, content, type) VALUES (10, 1, 'Проснувшись однажды утром после беспокойного сна, Грегор Замза обнаружил, что он у себя в постели превратился в страшное насекомое. Лежа на панцирнотвердой спине, он видел, стоило ему приподнять голову, свой коричневый, выпуклый, разделенный дугообразными чешуйками живот, на верхушке которого еле держалось готовое вот-вот окончательно сползти одеяло.', 'MULTI');
INSERT INTO iquiz.question (id, quiz_id, content, type) VALUES (21, 2, 'Проснувшись однажды утром после беспокойного сна, Грегор Замза обнаружил, что он у себя в постели превратился в страшное насекомое. Лежа на панцирнотвердой спине, он видел, стоило ему приподнять голову, свой коричневый, выпуклый, разделенный дугообразными чешуйками живот, на верхушке которого еле держалось готовое вот-вот окончательно сползти одеяло.', 'SINGLE');
INSERT INTO iquiz.question (id, quiz_id, content, type) VALUES (22, 2, 'Проснувшись однажды утром после беспокойного сна, Грегор Замза обнаружил, что он у себя в постели превратился в страшное насекомое. Лежа на панцирнотвердой спине, он видел, стоило ему приподнять голову, свой коричневый, выпуклый, разделенный дугообразными чешуйками живот, на верхушке которого еле держалось готовое вот-вот окончательно сползти одеяло.', 'MULTI');
INSERT INTO iquiz.question (id, quiz_id, content, type) VALUES (23, 2, 'Проснувшись однажды утром после беспокойного сна, Грегор Замза обнаружил, что он у себя в постели превратился в страшное насекомое. Лежа на панцирнотвердой спине, он видел, стоило ему приподнять голову, свой коричневый, выпуклый, разделенный дугообразными чешуйками живот, на верхушке которого еле держалось готовое вот-вот окончательно сползти одеяло.', 'SINGLE');
INSERT INTO iquiz.question (id, quiz_id, content, type) VALUES (24, 2, 'Проснувшись однажды утром после беспокойного сна, Грегор Замза обнаружил, что он у себя в постели превратился в страшное насекомое. Лежа на панцирнотвердой спине, он видел, стоило ему приподнять голову, свой коричневый, выпуклый, разделенный дугообразными чешуйками живот, на верхушке которого еле держалось готовое вот-вот окончательно сползти одеяло.', 'SINGLE');
INSERT INTO iquiz.question (id, quiz_id, content, type) VALUES (25, 2, 'Проснувшись однажды утром после беспокойного сна, Грегор Замза обнаружил, что он у себя в постели превратился в страшное насекомое. Лежа на панцирнотвердой спине, он видел, стоило ему приподнять голову, свой коричневый, выпуклый, разделенный дугообразными чешуйками живот, на верхушке которого еле держалось готовое вот-вот окончательно сползти одеяло.', 'SINGLE');
INSERT INTO iquiz.question (id, quiz_id, content, type) VALUES (26, 2, 'Проснувшись однажды утром после беспокойного сна, Грегор Замза обнаружил, что он у себя в постели превратился в страшное насекомое. Лежа на панцирнотвердой спине, он видел, стоило ему приподнять голову, свой коричневый, выпуклый, разделенный дугообразными чешуйками живот, на верхушке которого еле держалось готовое вот-вот окончательно сползти одеяло.', 'SINGLE');
INSERT INTO iquiz.question (id, quiz_id, content, type) VALUES (27, 2, 'Проснувшись однажды утром после беспокойного сна, Грегор Замза обнаружил, что он у себя в постели превратился в страшное насекомое. Лежа на панцирнотвердой спине, он видел, стоило ему приподнять голову, свой коричневый, выпуклый, разделенный дугообразными чешуйками живот, на верхушке которого еле держалось готовое вот-вот окончательно сползти одеяло.', 'MULTI');
INSERT INTO iquiz.question (id, quiz_id, content, type) VALUES (28, 2, 'Проснувшись однажды утром после беспокойного сна, Грегор Замза обнаружил, что он у себя в постели превратился в страшное насекомое. Лежа на панцирнотвердой спине, он видел, стоило ему приподнять голову, свой коричневый, выпуклый, разделенный дугообразными чешуйками живот, на верхушке которого еле держалось готовое вот-вот окончательно сползти одеяло.', 'MULTI');
INSERT INTO iquiz.question (id, quiz_id, content, type) VALUES (29, 2, 'Проснувшись однажды утром после беспокойного сна, Грегор Замза обнаружил, что он у себя в постели превратился в страшное насекомое. Лежа на панцирнотвердой спине, он видел, стоило ему приподнять голову, свой коричневый, выпуклый, разделенный дугообразными чешуйками живот, на верхушке которого еле держалось готовое вот-вот окончательно сползти одеяло.', 'MULTI');
INSERT INTO iquiz.question (id, quiz_id, content, type) VALUES (30, 2, 'Проснувшись однажды утром после беспокойного сна, Грегор Замза обнаружил, что он у себя в постели превратился в страшное насекомое. Лежа на панцирнотвердой спине, он видел, стоило ему приподнять голову, свой коричневый, выпуклый, разделенный дугообразными чешуйками живот, на верхушке которого еле держалось готовое вот-вот окончательно сползти одеяло.', 'MULTI');
INSERT INTO iquiz.question (id, quiz_id, content, type) VALUES (31, 3, 'Проснувшись однажды утром после беспокойного сна, Грегор Замза обнаружил, что он у себя в постели превратился в страшное насекомое. Лежа на панцирнотвердой спине, он видел, стоило ему приподнять голову, свой коричневый, выпуклый, разделенный дугообразными чешуйками живот, на верхушке которого еле держалось готовое вот-вот окончательно сползти одеяло.', 'SINGLE');
INSERT INTO iquiz.question (id, quiz_id, content, type) VALUES (32, 3, 'Проснувшись однажды утром после беспокойного сна, Грегор Замза обнаружил, что он у себя в постели превратился в страшное насекомое. Лежа на панцирнотвердой спине, он видел, стоило ему приподнять голову, свой коричневый, выпуклый, разделенный дугообразными чешуйками живот, на верхушке которого еле держалось готовое вот-вот окончательно сползти одеяло.', 'MULTI');
INSERT INTO iquiz.question (id, quiz_id, content, type) VALUES (33, 3, 'Проснувшись однажды утром после беспокойного сна, Грегор Замза обнаружил, что он у себя в постели превратился в страшное насекомое. Лежа на панцирнотвердой спине, он видел, стоило ему приподнять голову, свой коричневый, выпуклый, разделенный дугообразными чешуйками живот, на верхушке которого еле держалось готовое вот-вот окончательно сползти одеяло.', 'SINGLE');
INSERT INTO iquiz.question (id, quiz_id, content, type) VALUES (34, 3, 'Проснувшись однажды утром после беспокойного сна, Грегор Замза обнаружил, что он у себя в постели превратился в страшное насекомое. Лежа на панцирнотвердой спине, он видел, стоило ему приподнять голову, свой коричневый, выпуклый, разделенный дугообразными чешуйками живот, на верхушке которого еле держалось готовое вот-вот окончательно сползти одеяло.', 'SINGLE');
INSERT INTO iquiz.question (id, quiz_id, content, type) VALUES (35, 3, 'Проснувшись однажды утром после беспокойного сна, Грегор Замза обнаружил, что он у себя в постели превратился в страшное насекомое. Лежа на панцирнотвердой спине, он видел, стоило ему приподнять голову, свой коричневый, выпуклый, разделенный дугообразными чешуйками живот, на верхушке которого еле держалось готовое вот-вот окончательно сползти одеяло.', 'SINGLE');
INSERT INTO iquiz.question (id, quiz_id, content, type) VALUES (36, 3, 'Проснувшись однажды утром после беспокойного сна, Грегор Замза обнаружил, что он у себя в постели превратился в страшное насекомое. Лежа на панцирнотвердой спине, он видел, стоило ему приподнять голову, свой коричневый, выпуклый, разделенный дугообразными чешуйками живот, на верхушке которого еле держалось готовое вот-вот окончательно сползти одеяло.', 'SINGLE');
INSERT INTO iquiz.question (id, quiz_id, content, type) VALUES (37, 3, 'Проснувшись однажды утром после беспокойного сна, Грегор Замза обнаружил, что он у себя в постели превратился в страшное насекомое. Лежа на панцирнотвердой спине, он видел, стоило ему приподнять голову, свой коричневый, выпуклый, разделенный дугообразными чешуйками живот, на верхушке которого еле держалось готовое вот-вот окончательно сползти одеяло.', 'MULTI');
INSERT INTO iquiz.question (id, quiz_id, content, type) VALUES (38, 3, 'Проснувшись однажды утром после беспокойного сна, Грегор Замза обнаружил, что он у себя в постели превратился в страшное насекомое. Лежа на панцирнотвердой спине, он видел, стоило ему приподнять голову, свой коричневый, выпуклый, разделенный дугообразными чешуйками живот, на верхушке которого еле держалось готовое вот-вот окончательно сползти одеяло.', 'MULTI');
INSERT INTO iquiz.question (id, quiz_id, content, type) VALUES (39, 3, 'Проснувшись однажды утром после беспокойного сна, Грегор Замза обнаружил, что он у себя в постели превратился в страшное насекомое. Лежа на панцирнотвердой спине, он видел, стоило ему приподнять голову, свой коричневый, выпуклый, разделенный дугообразными чешуйками живот, на верхушке которого еле держалось готовое вот-вот окончательно сползти одеяло.', 'MULTI');
INSERT INTO iquiz.question (id, quiz_id, content, type) VALUES (40, 3, 'Проснувшись однажды утром после беспокойного сна, Грегор Замза обнаружил, что он у себя в постели превратился в страшное насекомое. Лежа на панцирнотвердой спине, он видел, стоило ему приподнять голову, свой коричневый, выпуклый, разделенный дугообразными чешуйками живот, на верхушке которого еле держалось готовое вот-вот окончательно сползти одеяло.', 'MULTI');
INSERT INTO iquiz.question (id, quiz_id, content, type) VALUES (41, 4, 'Проснувшись однажды утром после беспокойного сна, Грегор Замза обнаружил, что он у себя в постели превратился в страшное насекомое. Лежа на панцирнотвердой спине, он видел, стоило ему приподнять голову, свой коричневый, выпуклый, разделенный дугообразными чешуйками живот, на верхушке которого еле держалось готовое вот-вот окончательно сползти одеяло.', 'SINGLE');
INSERT INTO iquiz.question (id, quiz_id, content, type) VALUES (42, 4, 'Проснувшись однажды утром после беспокойного сна, Грегор Замза обнаружил, что он у себя в постели превратился в страшное насекомое. Лежа на панцирнотвердой спине, он видел, стоило ему приподнять голову, свой коричневый, выпуклый, разделенный дугообразными чешуйками живот, на верхушке которого еле держалось готовое вот-вот окончательно сползти одеяло.', 'MULTI');
INSERT INTO iquiz.question (id, quiz_id, content, type) VALUES (43, 4, 'Проснувшись однажды утром после беспокойного сна, Грегор Замза обнаружил, что он у себя в постели превратился в страшное насекомое. Лежа на панцирнотвердой спине, он видел, стоило ему приподнять голову, свой коричневый, выпуклый, разделенный дугообразными чешуйками живот, на верхушке которого еле держалось готовое вот-вот окончательно сползти одеяло.', 'SINGLE');
INSERT INTO iquiz.question (id, quiz_id, content, type) VALUES (44, 4, 'Проснувшись однажды утром после беспокойного сна, Грегор Замза обнаружил, что он у себя в постели превратился в страшное насекомое. Лежа на панцирнотвердой спине, он видел, стоило ему приподнять голову, свой коричневый, выпуклый, разделенный дугообразными чешуйками живот, на верхушке которого еле держалось готовое вот-вот окончательно сползти одеяло.', 'SINGLE');
INSERT INTO iquiz.question (id, quiz_id, content, type) VALUES (45, 4, 'Проснувшись однажды утром после беспокойного сна, Грегор Замза обнаружил, что он у себя в постели превратился в страшное насекомое. Лежа на панцирнотвердой спине, он видел, стоило ему приподнять голову, свой коричневый, выпуклый, разделенный дугообразными чешуйками живот, на верхушке которого еле держалось готовое вот-вот окончательно сползти одеяло.', 'SINGLE');
INSERT INTO iquiz.question (id, quiz_id, content, type) VALUES (46, 4, 'Проснувшись однажды утром после беспокойного сна, Грегор Замза обнаружил, что он у себя в постели превратился в страшное насекомое. Лежа на панцирнотвердой спине, он видел, стоило ему приподнять голову, свой коричневый, выпуклый, разделенный дугообразными чешуйками живот, на верхушке которого еле держалось готовое вот-вот окончательно сползти одеяло.', 'SINGLE');
INSERT INTO iquiz.question (id, quiz_id, content, type) VALUES (47, 4, 'Проснувшись однажды утром после беспокойного сна, Грегор Замза обнаружил, что он у себя в постели превратился в страшное насекомое. Лежа на панцирнотвердой спине, он видел, стоило ему приподнять голову, свой коричневый, выпуклый, разделенный дугообразными чешуйками живот, на верхушке которого еле держалось готовое вот-вот окончательно сползти одеяло.', 'MULTI');
INSERT INTO iquiz.question (id, quiz_id, content, type) VALUES (48, 4, 'Проснувшись однажды утром после беспокойного сна, Грегор Замза обнаружил, что он у себя в постели превратился в страшное насекомое. Лежа на панцирнотвердой спине, он видел, стоило ему приподнять голову, свой коричневый, выпуклый, разделенный дугообразными чешуйками живот, на верхушке которого еле держалось готовое вот-вот окончательно сползти одеяло.', 'MULTI');
INSERT INTO iquiz.question (id, quiz_id, content, type) VALUES (49, 4, 'Проснувшись однажды утром после беспокойного сна, Грегор Замза обнаружил, что он у себя в постели превратился в страшное насекомое. Лежа на панцирнотвердой спине, он видел, стоило ему приподнять голову, свой коричневый, выпуклый, разделенный дугообразными чешуйками живот, на верхушке которого еле держалось готовое вот-вот окончательно сползти одеяло.', 'MULTI');
INSERT INTO iquiz.question (id, quiz_id, content, type) VALUES (50, 4, 'Проснувшись однажды утром после беспокойного сна, Грегор Замза обнаружил, что он у себя в постели превратился в страшное насекомое. Лежа на панцирнотвердой спине, он видел, стоило ему приподнять голову, свой коричневый, выпуклый, разделенный дугообразными чешуйками живот, на верхушке которого еле держалось готовое вот-вот окончательно сползти одеяло.', 'MULTI');
INSERT INTO iquiz.question (id, quiz_id, content, type) VALUES (51, 5, 'Проснувшись однажды утром после беспокойного сна, Грегор Замза обнаружил, что он у себя в постели превратился в страшное насекомое. Лежа на панцирнотвердой спине, он видел, стоило ему приподнять голову, свой коричневый, выпуклый, разделенный дугообразными чешуйками живот, на верхушке которого еле держалось готовое вот-вот окончательно сползти одеяло.', 'SINGLE');
INSERT INTO iquiz.question (id, quiz_id, content, type) VALUES (52, 5, 'Проснувшись однажды утром после беспокойного сна, Грегор Замза обнаружил, что он у себя в постели превратился в страшное насекомое. Лежа на панцирнотвердой спине, он видел, стоило ему приподнять голову, свой коричневый, выпуклый, разделенный дугообразными чешуйками живот, на верхушке которого еле держалось готовое вот-вот окончательно сползти одеяло.', 'MULTI');
INSERT INTO iquiz.question (id, quiz_id, content, type) VALUES (53, 5, 'Проснувшись однажды утром после беспокойного сна, Грегор Замза обнаружил, что он у себя в постели превратился в страшное насекомое. Лежа на панцирнотвердой спине, он видел, стоило ему приподнять голову, свой коричневый, выпуклый, разделенный дугообразными чешуйками живот, на верхушке которого еле держалось готовое вот-вот окончательно сползти одеяло.', 'SINGLE');
INSERT INTO iquiz.question (id, quiz_id, content, type) VALUES (54, 5, 'Проснувшись однажды утром после беспокойного сна, Грегор Замза обнаружил, что он у себя в постели превратился в страшное насекомое. Лежа на панцирнотвердой спине, он видел, стоило ему приподнять голову, свой коричневый, выпуклый, разделенный дугообразными чешуйками живот, на верхушке которого еле держалось готовое вот-вот окончательно сползти одеяло.', 'SINGLE');
INSERT INTO iquiz.question (id, quiz_id, content, type) VALUES (55, 5, 'Проснувшись однажды утром после беспокойного сна, Грегор Замза обнаружил, что он у себя в постели превратился в страшное насекомое. Лежа на панцирнотвердой спине, он видел, стоило ему приподнять голову, свой коричневый, выпуклый, разделенный дугообразными чешуйками живот, на верхушке которого еле держалось готовое вот-вот окончательно сползти одеяло.', 'SINGLE');
INSERT INTO iquiz.question (id, quiz_id, content, type) VALUES (56, 5, 'Проснувшись однажды утром после беспокойного сна, Грегор Замза обнаружил, что он у себя в постели превратился в страшное насекомое. Лежа на панцирнотвердой спине, он видел, стоило ему приподнять голову, свой коричневый, выпуклый, разделенный дугообразными чешуйками живот, на верхушке которого еле держалось готовое вот-вот окончательно сползти одеяло.', 'SINGLE');
INSERT INTO iquiz.question (id, quiz_id, content, type) VALUES (57, 5, 'Проснувшись однажды утром после беспокойного сна, Грегор Замза обнаружил, что он у себя в постели превратился в страшное насекомое. Лежа на панцирнотвердой спине, он видел, стоило ему приподнять голову, свой коричневый, выпуклый, разделенный дугообразными чешуйками живот, на верхушке которого еле держалось готовое вот-вот окончательно сползти одеяло.', 'MULTI');
INSERT INTO iquiz.question (id, quiz_id, content, type) VALUES (58, 5, 'Проснувшись однажды утром после беспокойного сна, Грегор Замза обнаружил, что он у себя в постели превратился в страшное насекомое. Лежа на панцирнотвердой спине, он видел, стоило ему приподнять голову, свой коричневый, выпуклый, разделенный дугообразными чешуйками живот, на верхушке которого еле держалось готовое вот-вот окончательно сползти одеяло.', 'MULTI');
INSERT INTO iquiz.question (id, quiz_id, content, type) VALUES (59, 5, 'Проснувшись однажды утром после беспокойного сна, Грегор Замза обнаружил, что он у себя в постели превратился в страшное насекомое. Лежа на панцирнотвердой спине, он видел, стоило ему приподнять голову, свой коричневый, выпуклый, разделенный дугообразными чешуйками живот, на верхушке которого еле держалось готовое вот-вот окончательно сползти одеяло.', 'MULTI');
INSERT INTO iquiz.question (id, quiz_id, content, type) VALUES (60, 5, 'Проснувшись однажды утром после беспокойного сна, Грегор Замза обнаружил, что он у себя в постели превратился в страшное насекомое. Лежа на панцирнотвердой спине, он видел, стоило ему приподнять голову, свой коричневый, выпуклый, разделенный дугообразными чешуйками живот, на верхушке которого еле держалось готовое вот-вот окончательно сползти одеяло.', 'MULTI');
INSERT INTO iquiz.question (id, quiz_id, content, type) VALUES (61, 6, 'Проснувшись однажды утром после беспокойного сна, Грегор Замза обнаружил, что он у себя в постели превратился в страшное насекомое. Лежа на панцирнотвердой спине, он видел, стоило ему приподнять голову, свой коричневый, выпуклый, разделенный дугообразными чешуйками живот, на верхушке которого еле держалось готовое вот-вот окончательно сползти одеяло.', 'SINGLE');
INSERT INTO iquiz.question (id, quiz_id, content, type) VALUES (62, 6, 'Проснувшись однажды утром после беспокойного сна, Грегор Замза обнаружил, что он у себя в постели превратился в страшное насекомое. Лежа на панцирнотвердой спине, он видел, стоило ему приподнять голову, свой коричневый, выпуклый, разделенный дугообразными чешуйками живот, на верхушке которого еле держалось готовое вот-вот окончательно сползти одеяло.', 'MULTI');
INSERT INTO iquiz.question (id, quiz_id, content, type) VALUES (63, 6, 'Проснувшись однажды утром после беспокойного сна, Грегор Замза обнаружил, что он у себя в постели превратился в страшное насекомое. Лежа на панцирнотвердой спине, он видел, стоило ему приподнять голову, свой коричневый, выпуклый, разделенный дугообразными чешуйками живот, на верхушке которого еле держалось готовое вот-вот окончательно сползти одеяло.', 'SINGLE');
INSERT INTO iquiz.question (id, quiz_id, content, type) VALUES (64, 6, 'Проснувшись однажды утром после беспокойного сна, Грегор Замза обнаружил, что он у себя в постели превратился в страшное насекомое. Лежа на панцирнотвердой спине, он видел, стоило ему приподнять голову, свой коричневый, выпуклый, разделенный дугообразными чешуйками живот, на верхушке которого еле держалось готовое вот-вот окончательно сползти одеяло.', 'SINGLE');
INSERT INTO iquiz.question (id, quiz_id, content, type) VALUES (65, 6, 'Проснувшись однажды утром после беспокойного сна, Грегор Замза обнаружил, что он у себя в постели превратился в страшное насекомое. Лежа на панцирнотвердой спине, он видел, стоило ему приподнять голову, свой коричневый, выпуклый, разделенный дугообразными чешуйками живот, на верхушке которого еле держалось готовое вот-вот окончательно сползти одеяло.', 'SINGLE');
INSERT INTO iquiz.question (id, quiz_id, content, type) VALUES (66, 6, 'Проснувшись однажды утром после беспокойного сна, Грегор Замза обнаружил, что он у себя в постели превратился в страшное насекомое. Лежа на панцирнотвердой спине, он видел, стоило ему приподнять голову, свой коричневый, выпуклый, разделенный дугообразными чешуйками живот, на верхушке которого еле держалось готовое вот-вот окончательно сползти одеяло.', 'SINGLE');
INSERT INTO iquiz.question (id, quiz_id, content, type) VALUES (67, 6, 'Проснувшись однажды утром после беспокойного сна, Грегор Замза обнаружил, что он у себя в постели превратился в страшное насекомое. Лежа на панцирнотвердой спине, он видел, стоило ему приподнять голову, свой коричневый, выпуклый, разделенный дугообразными чешуйками живот, на верхушке которого еле держалось готовое вот-вот окончательно сползти одеяло.', 'MULTI');
INSERT INTO iquiz.question (id, quiz_id, content, type) VALUES (68, 6, 'Проснувшись однажды утром после беспокойного сна, Грегор Замза обнаружил, что он у себя в постели превратился в страшное насекомое. Лежа на панцирнотвердой спине, он видел, стоило ему приподнять голову, свой коричневый, выпуклый, разделенный дугообразными чешуйками живот, на верхушке которого еле держалось готовое вот-вот окончательно сползти одеяло.', 'MULTI');
INSERT INTO iquiz.question (id, quiz_id, content, type) VALUES (69, 6, 'Проснувшись однажды утром после беспокойного сна, Грегор Замза обнаружил, что он у себя в постели превратился в страшное насекомое. Лежа на панцирнотвердой спине, он видел, стоило ему приподнять голову, свой коричневый, выпуклый, разделенный дугообразными чешуйками живот, на верхушке которого еле держалось готовое вот-вот окончательно сползти одеяло.', 'MULTI');
INSERT INTO iquiz.question (id, quiz_id, content, type) VALUES (70, 6, 'Проснувшись однажды утром после беспокойного сна, Грегор Замза обнаружил, что он у себя в постели превратился в страшное насекомое. Лежа на панцирнотвердой спине, он видел, стоило ему приподнять голову, свой коричневый, выпуклый, разделенный дугообразными чешуйками живот, на верхушке которого еле держалось готовое вот-вот окончательно сползти одеяло.', 'MULTI');

INSERT INTO iquiz.variant (id, question_id, value, is_true) VALUES (1, 1, 'Да', 1);
INSERT INTO iquiz.variant (id, question_id, value, is_true) VALUES (2, 1, 'Нет', 0);
INSERT INTO iquiz.variant (id, question_id, value, is_true) VALUES (3, 2, 'Первый вариант', 1);
INSERT INTO iquiz.variant (id, question_id, value, is_true) VALUES (4, 2, 'Второй вариант', 0);
INSERT INTO iquiz.variant (id, question_id, value, is_true) VALUES (5, 2, 'Третий вариант', 1);
INSERT INTO iquiz.variant (id, question_id, value, is_true) VALUES (6, 3, 'Да', 1);
INSERT INTO iquiz.variant (id, question_id, value, is_true) VALUES (7, 3, 'Нет', 0);
INSERT INTO iquiz.variant (id, question_id, value, is_true) VALUES (8, 4, 'Да', 1);
INSERT INTO iquiz.variant (id, question_id, value, is_true) VALUES (9, 4, 'Нет', 0);
INSERT INTO iquiz.variant (id, question_id, value, is_true) VALUES (10, 5, 'Да', 1);
INSERT INTO iquiz.variant (id, question_id, value, is_true) VALUES (11, 5, 'Нет', 0);
INSERT INTO iquiz.variant (id, question_id, value, is_true) VALUES (12, 6, 'Да', 1);
INSERT INTO iquiz.variant (id, question_id, value, is_true) VALUES (13, 7, 'Нет', 0);
INSERT INTO iquiz.variant (id, question_id, value, is_true) VALUES (14, 7, 'Первый вариант', 1);
INSERT INTO iquiz.variant (id, question_id, value, is_true) VALUES (15, 7, 'Второй вариант', 0);
INSERT INTO iquiz.variant (id, question_id, value, is_true) VALUES (16, 7, 'Третий вариант', 1);
INSERT INTO iquiz.variant (id, question_id, value, is_true) VALUES (17, 8, 'Первый вариант', 1);
INSERT INTO iquiz.variant (id, question_id, value, is_true) VALUES (18, 8, 'Второй вариант', 0);
INSERT INTO iquiz.variant (id, question_id, value, is_true) VALUES (19, 8, 'Третий вариант', 1);
INSERT INTO iquiz.variant (id, question_id, value, is_true) VALUES (20, 9, 'Первый вариант', 1);
INSERT INTO iquiz.variant (id, question_id, value, is_true) VALUES (21, 9, 'Второй вариант', 0);
INSERT INTO iquiz.variant (id, question_id, value, is_true) VALUES (22, 9, 'Третий вариант', 1);
INSERT INTO iquiz.variant (id, question_id, value, is_true) VALUES (23, 10, 'Первый вариант', 1);
INSERT INTO iquiz.variant (id, question_id, value, is_true) VALUES (24, 10, 'Второй вариант', 0);
INSERT INTO iquiz.variant (id, question_id, value, is_true) VALUES (25, 10, 'Третий вариант', 1);
INSERT INTO iquiz.variant (id, question_id, value, is_true) VALUES (26, 21, 'Да', 1);
INSERT INTO iquiz.variant (id, question_id, value, is_true) VALUES (27, 21, 'Нет', 0);
INSERT INTO iquiz.variant (id, question_id, value, is_true) VALUES (28, 22, 'Второй вариант', 0);
INSERT INTO iquiz.variant (id, question_id, value, is_true) VALUES (29, 22, 'Первый вариант', 1);
INSERT INTO iquiz.variant (id, question_id, value, is_true) VALUES (30, 22, 'Третий вариант', 1);
INSERT INTO iquiz.variant (id, question_id, value, is_true) VALUES (31, 23, 'Да', 1);
INSERT INTO iquiz.variant (id, question_id, value, is_true) VALUES (32, 23, 'Нет', 0);
INSERT INTO iquiz.variant (id, question_id, value, is_true) VALUES (33, 24, 'Да', 1);
INSERT INTO iquiz.variant (id, question_id, value, is_true) VALUES (34, 24, 'Нет', 0);
INSERT INTO iquiz.variant (id, question_id, value, is_true) VALUES (35, 25, 'Да', 1);
INSERT INTO iquiz.variant (id, question_id, value, is_true) VALUES (36, 25, 'Нет', 0);
INSERT INTO iquiz.variant (id, question_id, value, is_true) VALUES (37, 26, 'Да', 1);
INSERT INTO iquiz.variant (id, question_id, value, is_true) VALUES (38, 27, 'Второй вариант', 0);
INSERT INTO iquiz.variant (id, question_id, value, is_true) VALUES (39, 27, 'Нет', 0);
INSERT INTO iquiz.variant (id, question_id, value, is_true) VALUES (40, 27, 'Первый вариант', 1);
INSERT INTO iquiz.variant (id, question_id, value, is_true) VALUES (41, 27, 'Третий вариант', 1);
INSERT INTO iquiz.variant (id, question_id, value, is_true) VALUES (42, 28, 'Второй вариант', 0);
INSERT INTO iquiz.variant (id, question_id, value, is_true) VALUES (43, 28, 'Первый вариант', 1);
INSERT INTO iquiz.variant (id, question_id, value, is_true) VALUES (44, 28, 'Третий вариант', 1);
INSERT INTO iquiz.variant (id, question_id, value, is_true) VALUES (45, 29, 'Второй вариант', 0);
INSERT INTO iquiz.variant (id, question_id, value, is_true) VALUES (46, 29, 'Первый вариант', 1);
INSERT INTO iquiz.variant (id, question_id, value, is_true) VALUES (47, 29, 'Третий вариант', 1);
INSERT INTO iquiz.variant (id, question_id, value, is_true) VALUES (48, 30, 'Второй вариант', 0);
INSERT INTO iquiz.variant (id, question_id, value, is_true) VALUES (49, 30, 'Первый вариант', 1);
INSERT INTO iquiz.variant (id, question_id, value, is_true) VALUES (50, 30, 'Третий вариант', 1);
INSERT INTO iquiz.variant (id, question_id, value, is_true) VALUES (51, 31, 'Да', 1);
INSERT INTO iquiz.variant (id, question_id, value, is_true) VALUES (52, 31, 'Нет', 0);
INSERT INTO iquiz.variant (id, question_id, value, is_true) VALUES (53, 32, 'Второй вариант', 0);
INSERT INTO iquiz.variant (id, question_id, value, is_true) VALUES (54, 32, 'Первый вариант', 1);
INSERT INTO iquiz.variant (id, question_id, value, is_true) VALUES (55, 32, 'Третий вариант', 1);
INSERT INTO iquiz.variant (id, question_id, value, is_true) VALUES (56, 33, 'Да', 1);
INSERT INTO iquiz.variant (id, question_id, value, is_true) VALUES (57, 33, 'Нет', 0);
INSERT INTO iquiz.variant (id, question_id, value, is_true) VALUES (58, 34, 'Да', 1);
INSERT INTO iquiz.variant (id, question_id, value, is_true) VALUES (59, 34, 'Нет', 0);
INSERT INTO iquiz.variant (id, question_id, value, is_true) VALUES (60, 35, 'Да', 1);
INSERT INTO iquiz.variant (id, question_id, value, is_true) VALUES (61, 35, 'Нет', 0);
INSERT INTO iquiz.variant (id, question_id, value, is_true) VALUES (62, 36, 'Да', 1);
INSERT INTO iquiz.variant (id, question_id, value, is_true) VALUES (63, 37, 'Второй вариант', 0);
INSERT INTO iquiz.variant (id, question_id, value, is_true) VALUES (64, 37, 'Нет', 0);
INSERT INTO iquiz.variant (id, question_id, value, is_true) VALUES (65, 37, 'Первый вариант', 1);
INSERT INTO iquiz.variant (id, question_id, value, is_true) VALUES (66, 37, 'Третий вариант', 1);
INSERT INTO iquiz.variant (id, question_id, value, is_true) VALUES (67, 38, 'Второй вариант', 0);
INSERT INTO iquiz.variant (id, question_id, value, is_true) VALUES (68, 38, 'Первый вариант', 1);
INSERT INTO iquiz.variant (id, question_id, value, is_true) VALUES (69, 38, 'Третий вариант', 1);
INSERT INTO iquiz.variant (id, question_id, value, is_true) VALUES (70, 39, 'Второй вариант', 0);
INSERT INTO iquiz.variant (id, question_id, value, is_true) VALUES (71, 39, 'Первый вариант', 1);
INSERT INTO iquiz.variant (id, question_id, value, is_true) VALUES (72, 39, 'Третий вариант', 1);
INSERT INTO iquiz.variant (id, question_id, value, is_true) VALUES (73, 40, 'Второй вариант', 0);
INSERT INTO iquiz.variant (id, question_id, value, is_true) VALUES (74, 40, 'Первый вариант', 1);
INSERT INTO iquiz.variant (id, question_id, value, is_true) VALUES (75, 40, 'Третий вариант', 1);
INSERT INTO iquiz.variant (id, question_id, value, is_true) VALUES (76, 41, 'Да', 1);
INSERT INTO iquiz.variant (id, question_id, value, is_true) VALUES (77, 41, 'Нет', 0);
INSERT INTO iquiz.variant (id, question_id, value, is_true) VALUES (78, 42, 'Второй вариант', 0);
INSERT INTO iquiz.variant (id, question_id, value, is_true) VALUES (79, 42, 'Первый вариант', 1);
INSERT INTO iquiz.variant (id, question_id, value, is_true) VALUES (80, 42, 'Третий вариант', 1);
INSERT INTO iquiz.variant (id, question_id, value, is_true) VALUES (81, 43, 'Да', 1);
INSERT INTO iquiz.variant (id, question_id, value, is_true) VALUES (82, 43, 'Нет', 0);
INSERT INTO iquiz.variant (id, question_id, value, is_true) VALUES (83, 44, 'Да', 1);
INSERT INTO iquiz.variant (id, question_id, value, is_true) VALUES (84, 44, 'Нет', 0);
INSERT INTO iquiz.variant (id, question_id, value, is_true) VALUES (85, 45, 'Да', 1);
INSERT INTO iquiz.variant (id, question_id, value, is_true) VALUES (86, 45, 'Нет', 0);
INSERT INTO iquiz.variant (id, question_id, value, is_true) VALUES (87, 46, 'Да', 1);
INSERT INTO iquiz.variant (id, question_id, value, is_true) VALUES (88, 47, 'Второй вариант', 0);
INSERT INTO iquiz.variant (id, question_id, value, is_true) VALUES (89, 47, 'Нет', 0);
INSERT INTO iquiz.variant (id, question_id, value, is_true) VALUES (90, 47, 'Первый вариант', 1);
INSERT INTO iquiz.variant (id, question_id, value, is_true) VALUES (91, 47, 'Третий вариант', 1);
INSERT INTO iquiz.variant (id, question_id, value, is_true) VALUES (92, 48, 'Второй вариант', 0);
INSERT INTO iquiz.variant (id, question_id, value, is_true) VALUES (93, 48, 'Первый вариант', 1);
INSERT INTO iquiz.variant (id, question_id, value, is_true) VALUES (94, 48, 'Третий вариант', 1);
INSERT INTO iquiz.variant (id, question_id, value, is_true) VALUES (95, 49, 'Второй вариант', 0);
INSERT INTO iquiz.variant (id, question_id, value, is_true) VALUES (96, 49, 'Первый вариант', 1);
INSERT INTO iquiz.variant (id, question_id, value, is_true) VALUES (97, 49, 'Третий вариант', 1);
INSERT INTO iquiz.variant (id, question_id, value, is_true) VALUES (98, 50, 'Второй вариант', 0);
INSERT INTO iquiz.variant (id, question_id, value, is_true) VALUES (99, 50, 'Первый вариант', 1);
INSERT INTO iquiz.variant (id, question_id, value, is_true) VALUES (100, 50, 'Третий вариант', 1);
INSERT INTO iquiz.variant (id, question_id, value, is_true) VALUES (101, 51, 'Да', 1);
INSERT INTO iquiz.variant (id, question_id, value, is_true) VALUES (102, 51, 'Нет', 0);
INSERT INTO iquiz.variant (id, question_id, value, is_true) VALUES (103, 52, 'Второй вариант', 0);
INSERT INTO iquiz.variant (id, question_id, value, is_true) VALUES (104, 52, 'Первый вариант', 1);
INSERT INTO iquiz.variant (id, question_id, value, is_true) VALUES (105, 52, 'Третий вариант', 1);
INSERT INTO iquiz.variant (id, question_id, value, is_true) VALUES (106, 53, 'Да', 1);
INSERT INTO iquiz.variant (id, question_id, value, is_true) VALUES (107, 53, 'Нет', 0);
INSERT INTO iquiz.variant (id, question_id, value, is_true) VALUES (108, 54, 'Да', 1);
INSERT INTO iquiz.variant (id, question_id, value, is_true) VALUES (109, 54, 'Нет', 0);
INSERT INTO iquiz.variant (id, question_id, value, is_true) VALUES (110, 55, 'Да', 1);
INSERT INTO iquiz.variant (id, question_id, value, is_true) VALUES (111, 55, 'Нет', 0);
INSERT INTO iquiz.variant (id, question_id, value, is_true) VALUES (112, 56, 'Да', 1);
INSERT INTO iquiz.variant (id, question_id, value, is_true) VALUES (113, 57, 'Второй вариант', 0);
INSERT INTO iquiz.variant (id, question_id, value, is_true) VALUES (114, 57, 'Нет', 0);
INSERT INTO iquiz.variant (id, question_id, value, is_true) VALUES (115, 57, 'Первый вариант', 1);
INSERT INTO iquiz.variant (id, question_id, value, is_true) VALUES (116, 57, 'Третий вариант', 1);
INSERT INTO iquiz.variant (id, question_id, value, is_true) VALUES (117, 58, 'Второй вариант', 0);
INSERT INTO iquiz.variant (id, question_id, value, is_true) VALUES (118, 58, 'Первый вариант', 1);
INSERT INTO iquiz.variant (id, question_id, value, is_true) VALUES (119, 58, 'Третий вариант', 1);
INSERT INTO iquiz.variant (id, question_id, value, is_true) VALUES (120, 59, 'Второй вариант', 0);
INSERT INTO iquiz.variant (id, question_id, value, is_true) VALUES (121, 59, 'Первый вариант', 1);
INSERT INTO iquiz.variant (id, question_id, value, is_true) VALUES (122, 59, 'Третий вариант', 1);
INSERT INTO iquiz.variant (id, question_id, value, is_true) VALUES (123, 60, 'Второй вариант', 0);
INSERT INTO iquiz.variant (id, question_id, value, is_true) VALUES (124, 60, 'Первый вариант', 1);
INSERT INTO iquiz.variant (id, question_id, value, is_true) VALUES (125, 60, 'Третий вариант', 1);
INSERT INTO iquiz.variant (id, question_id, value, is_true) VALUES (126, 61, 'Да', 1);
INSERT INTO iquiz.variant (id, question_id, value, is_true) VALUES (127, 61, 'Нет', 0);
INSERT INTO iquiz.variant (id, question_id, value, is_true) VALUES (128, 62, 'Второй вариант', 0);
INSERT INTO iquiz.variant (id, question_id, value, is_true) VALUES (129, 62, 'Первый вариант', 1);
INSERT INTO iquiz.variant (id, question_id, value, is_true) VALUES (130, 62, 'Третий вариант', 1);
INSERT INTO iquiz.variant (id, question_id, value, is_true) VALUES (131, 63, 'Да', 1);
INSERT INTO iquiz.variant (id, question_id, value, is_true) VALUES (132, 63, 'Нет', 0);
INSERT INTO iquiz.variant (id, question_id, value, is_true) VALUES (133, 64, 'Да', 1);
INSERT INTO iquiz.variant (id, question_id, value, is_true) VALUES (134, 64, 'Нет', 0);
INSERT INTO iquiz.variant (id, question_id, value, is_true) VALUES (135, 65, 'Да', 1);
INSERT INTO iquiz.variant (id, question_id, value, is_true) VALUES (136, 65, 'Нет', 0);
INSERT INTO iquiz.variant (id, question_id, value, is_true) VALUES (137, 66, 'Да', 1);
INSERT INTO iquiz.variant (id, question_id, value, is_true) VALUES (138, 67, 'Второй вариант', 0);
INSERT INTO iquiz.variant (id, question_id, value, is_true) VALUES (139, 67, 'Нет', 0);
INSERT INTO iquiz.variant (id, question_id, value, is_true) VALUES (140, 67, 'Первый вариант', 1);
INSERT INTO iquiz.variant (id, question_id, value, is_true) VALUES (141, 67, 'Третий вариант', 1);
INSERT INTO iquiz.variant (id, question_id, value, is_true) VALUES (142, 68, 'Второй вариант', 0);
INSERT INTO iquiz.variant (id, question_id, value, is_true) VALUES (143, 68, 'Первый вариант', 1);
INSERT INTO iquiz.variant (id, question_id, value, is_true) VALUES (144, 68, 'Третий вариант', 1);
INSERT INTO iquiz.variant (id, question_id, value, is_true) VALUES (145, 69, 'Второй вариант', 0);
INSERT INTO iquiz.variant (id, question_id, value, is_true) VALUES (146, 69, 'Первый вариант', 1);
INSERT INTO iquiz.variant (id, question_id, value, is_true) VALUES (147, 69, 'Третий вариант', 1);
INSERT INTO iquiz.variant (id, question_id, value, is_true) VALUES (148, 70, 'Второй вариант', 0);
INSERT INTO iquiz.variant (id, question_id, value, is_true) VALUES (149, 70, 'Первый вариант', 1);
INSERT INTO iquiz.variant (id, question_id, value, is_true) VALUES (150, 70, 'Третий вариант', 1);